"content_id","topic_id","wordpress_url","sanity_url","sanity_desk_url","publish_date","status","performance_metrics","publish_id","created_at"
"CONTENT-001","TOPIC-001","http://localhost:8080/index-funds-vs-mutual-funds-a-detailed-indian-market-guide/","http://localhost:3001/posts/index-funds-vs-mutual-funds-a-detailed-indian-market-guide","https://sanity.io/1eg1vt8d/production/desk/article;post-CONTENT-001","2025-10-08T12:38:18.072Z","Published","{""wordpress"":""wordpress"",""wordpress_id"":45,""wordpress_edit_url"":""http://localhost:8080/wp-admin/post.php?post=45&action=edit"",""sanity"":""sanity"",""sanity_document_id"":""post-CONTENT-001"",""sanity_desk_url"":""https://sanity.io/1eg1vt8d/production/desk/article;post-CONTENT-001"",""simulated"":false}","PUB-001","2025-10-08T12:38:18.072Z"
"CONTENT-002","TOPIC-002","http://localhost:8080/elss-vs-tax-saving-fd-comprehensive-tax-saving-guide/","http://localhost:3001/posts/elss-vs-tax-saving-fd-comprehensive-tax-saving-guide","https://sanity.io/1eg1vt8d/production/desk/article;post-CONTENT-002","2025-10-08T12:38:20.354Z","Published","{""wordpress"":""wordpress"",""wordpress_id"":46,""wordpress_edit_url"":""http://localhost:8080/wp-admin/post.php?post=46&action=edit"",""sanity"":""sanity"",""sanity_document_id"":""post-CONTENT-002"",""sanity_desk_url"":""https://sanity.io/1eg1vt8d/production/desk/article;post-CONTENT-002"",""simulated"":false}","PUB-002","2025-10-08T12:38:20.354Z"
"CONTENT-003","TOPIC-003","http://localhost:8080/small-cap-vs-mid-cap-vs-large-cap-a-comprehensive-analysis/","http://localhost:3001/posts/small-cap-vs-mid-cap-vs-large-cap-a-comprehensive-analysis","https://sanity.io/1eg1vt8d/production/desk/article;post-CONTENT-003","2025-10-08T12:38:23.344Z","Published","{""wordpress"":""wordpress"",""wordpress_id"":47,""wordpress_edit_url"":""http://localhost:8080/wp-admin/post.php?post=47&action=edit"",""sanity"":""sanity"",""sanity_document_id"":""post-CONTENT-003"",""sanity_desk_url"":""https://sanity.io/1eg1vt8d/production/desk/article;post-CONTENT-003"",""simulated"":false}","PUB-003","2025-10-08T12:38:23.344Z"
"CONTENT-001","TOPIC-001","http://localhost:8080/index-funds-vs-mutual-funds-a-comprehensive-indian-marke-5/","http://localhost:3001/posts/index-funds-vs-mutual-funds-a-comprehensive-indian-marke","https://sanity.io/1eg1vt8d/production/desk/article;post-CONTENT-001","2025-10-08T14:38:50.040Z","Published","{""wordpress"":""wordpress"",""wordpress_id"":48,""wordpress_edit_url"":""http://localhost:8080/wp-admin/post.php?post=48&action=edit"",""sanity"":""sanity"",""sanity_document_id"":""post-CONTENT-001"",""sanity_desk_url"":""https://sanity.io/1eg1vt8d/production/desk/article;post-CONTENT-001"",""simulated"":false}","PUB-004","2025-10-08T14:38:50.040Z"
"CONTENT-002","TOPIC-002","http://localhost:8080/elss-vs-tax-saving-fd-a-comprehensive-guide-3/","http://localhost:3001/posts/elss-vs-tax-saving-fd-a-comprehensive-guide","https://sanity.io/1eg1vt8d/production/desk/article;post-CONTENT-002","2025-10-08T14:38:54.048Z","Published","{""wordpress"":""wordpress"",""wordpress_id"":49,""wordpress_edit_url"":""http://localhost:8080/wp-admin/post.php?post=49&action=edit"",""sanity"":""sanity"",""sanity_document_id"":""post-CONTENT-002"",""sanity_desk_url"":""https://sanity.io/1eg1vt8d/production/desk/article;post-CONTENT-002"",""simulated"":false}","PUB-005","2025-10-08T14:38:54.048Z"
"CONTENT-003","TOPIC-003","http://localhost:8080/small-cap-vs-mid-cap-vs-large-cap-an-in-depth-indian-mar/","http://localhost:3001/posts/small-cap-vs-mid-cap-vs-large-cap-an-in-depth-indian-mar","https://sanity.io/1eg1vt8d/production/desk/article;post-CONTENT-003","2025-10-08T14:38:57.695Z","Published","{""wordpress"":""wordpress"",""wordpress_id"":50,""wordpress_edit_url"":""http://localhost:8080/wp-admin/post.php?post=50&action=edit"",""sanity"":""sanity"",""sanity_document_id"":""post-CONTENT-003"",""sanity_desk_url"":""https://sanity.io/1eg1vt8d/production/desk/article;post-CONTENT-003"",""simulated"":false}","PUB-006","2025-10-08T14:38:57.695Z"
"CONTENT-004","TOPIC-010","http://localhost:8080/index-funds-vs-mutual-funds-a-comprehensive-indian-marke-6/","http://localhost:3001/posts/index-funds-vs-mutual-funds-a-comprehensive-indian-marke","https://sanity.io/1eg1vt8d/production/desk/article;post-CONTENT-004","2025-10-08T14:39:00.087Z","Published","{""wordpress"":""wordpress"",""wordpress_id"":51,""wordpress_edit_url"":""http://localhost:8080/wp-admin/post.php?post=51&action=edit"",""sanity"":""sanity"",""sanity_document_id"":""post-CONTENT-004"",""sanity_desk_url"":""https://sanity.io/1eg1vt8d/production/desk/article;post-CONTENT-004"",""simulated"":false}","PUB-007","2025-10-08T14:39:00.087Z"
"CONTENT-005","TOPIC-011","http://localhost:8080/elss-vs-tax-saving-fd-a-comprehensive-guide-4/","http://localhost:3001/posts/elss-vs-tax-saving-fd-a-comprehensive-guide","https://sanity.io/1eg1vt8d/production/desk/article;post-CONTENT-005","2025-10-08T14:39:03.107Z","Published","{""wordpress"":""wordpress"",""wordpress_id"":52,""wordpress_edit_url"":""http://localhost:8080/wp-admin/post.php?post=52&action=edit"",""sanity"":""sanity"",""sanity_document_id"":""post-CONTENT-005"",""sanity_desk_url"":""https://sanity.io/1eg1vt8d/production/desk/article;post-CONTENT-005"",""simulated"":false}","PUB-008","2025-10-08T14:39:03.107Z"
"CONTENT-006","TOPIC-012","http://localhost:8080/small-cap-vs-mid-cap-vs-large-cap-a-comprehensive-guide/","http://localhost:3001/posts/small-cap-vs-mid-cap-vs-large-cap-a-comprehensive-guide","https://sanity.io/1eg1vt8d/production/desk/article;post-CONTENT-006","2025-10-08T14:39:06.140Z","Published","{""wordpress"":""wordpress"",""wordpress_id"":53,""wordpress_edit_url"":""http://localhost:8080/wp-admin/post.php?post=53&action=edit"",""sanity"":""sanity"",""sanity_document_id"":""post-CONTENT-006"",""sanity_desk_url"":""https://sanity.io/1eg1vt8d/production/desk/article;post-CONTENT-006"",""simulated"":false}","PUB-009","2025-10-08T14:39:06.140Z"
"CONTENT-007","TOPIC-013","http://localhost:8080/index-funds-vs-mutual-funds-understanding-the-indian-con/","http://localhost:3001/posts/index-funds-vs-mutual-funds-understanding-the-indian-con","https://sanity.io/1eg1vt8d/production/desk/article;post-CONTENT-007","2025-10-08T15:07:29.118Z","Published","{""wordpress"":""wordpress"",""wordpress_id"":54,""wordpress_edit_url"":""http://localhost:8080/wp-admin/post.php?post=54&action=edit"",""sanity"":""sanity"",""sanity_document_id"":""post-CONTENT-007"",""sanity_desk_url"":""https://sanity.io/1eg1vt8d/production/desk/article;post-CONTENT-007"",""simulated"":false}","PUB-010","2025-10-08T15:07:29.118Z"
"CONTENT-008","TOPIC-014","http://localhost:8080/elss-vs-tax-saving-fd-which-is-better/","http://localhost:3001/posts/elss-vs-tax-saving-fd-which-is-better","https://sanity.io/1eg1vt8d/production/desk/article;post-CONTENT-008","2025-10-08T15:07:31.116Z","Published","{""wordpress"":""wordpress"",""wordpress_id"":55,""wordpress_edit_url"":""http://localhost:8080/wp-admin/post.php?post=55&action=edit"",""sanity"":""sanity"",""sanity_document_id"":""post-CONTENT-008"",""sanity_desk_url"":""https://sanity.io/1eg1vt8d/production/desk/article;post-CONTENT-008"",""simulated"":false}","PUB-011","2025-10-08T15:07:31.116Z"
"CONTENT-009","TOPIC-015","http://localhost:8080/small-cap-vs-mid-cap-vs-large-cap-insights-for-indian-in/","http://localhost:3001/posts/small-cap-vs-mid-cap-vs-large-cap-insights-for-indian-in","https://sanity.io/1eg1vt8d/production/desk/article;post-CONTENT-009","2025-10-08T15:07:34.143Z","Published","{""wordpress"":""wordpress"",""wordpress_id"":56,""wordpress_edit_url"":""http://localhost:8080/wp-admin/post.php?post=56&action=edit"",""sanity"":""sanity"",""sanity_document_id"":""post-CONTENT-009"",""sanity_desk_url"":""https://sanity.io/1eg1vt8d/production/desk/article;post-CONTENT-009"",""simulated"":false}","PUB-012","2025-10-08T15:07:34.143Z"
"CONTENT-010","TOPIC-017","http://localhost:8080/index-funds-vs-mutual-funds-2025-guide-for-indian-investors/","http://localhost:3001/posts/index-funds-vs-mutual-funds-2025-guide-for-indian-investors","https://sanity.io/1eg1vt8d/production/desk/article;post-CONTENT-010","2025-10-08T21:52:55.347Z","Published","{""wordpress"":""wordpress"",""wordpress_id"":57,""wordpress_edit_url"":""http://localhost:8080/wp-admin/post.php?post=57&action=edit"",""sanity"":""sanity"",""sanity_document_id"":""post-CONTENT-010"",""sanity_desk_url"":""https://sanity.io/1eg1vt8d/production/desk/article;post-CONTENT-010"",""simulated"":false}","PUB-013","2025-10-08T21:52:55.347Z"
"CONTENT-011","TOPIC-018","http://localhost:8080/best-index-funds-2025-top-indian-index-funds-for-smart-investors/","http://localhost:3001/posts/best-index-funds-2025-top-indian-index-funds-for-smart-investors","https://sanity.io/1eg1vt8d/production/desk/article;post-CONTENT-011","2025-10-08T21:53:04.373Z","Published","{""wordpress"":""wordpress"",""wordpress_id"":58,""wordpress_edit_url"":""http://localhost:8080/wp-admin/post.php?post=58&action=edit"",""sanity"":""sanity"",""sanity_document_id"":""post-CONTENT-011"",""sanity_desk_url"":""https://sanity.io/1eg1vt8d/production/desk/article;post-CONTENT-011"",""simulated"":false}","PUB-014","2025-10-08T21:53:04.373Z"
"CONTENT-012","TOPIC-019","http://localhost:8080/index-funds-vs-mutual-funds-2025-in-depth-indian-guide/","http://localhost:3001/posts/index-funds-vs-mutual-funds-2025-in-depth-indian-guide","https://sanity.io/1eg1vt8d/production/desk/article;post-CONTENT-012","2025-10-08T21:53:07.371Z","Published","{""wordpress"":""wordpress"",""wordpress_id"":59,""wordpress_edit_url"":""http://localhost:8080/wp-admin/post.php?post=59&action=edit"",""sanity"":""sanity"",""sanity_document_id"":""post-CONTENT-012"",""sanity_desk_url"":""https://sanity.io/1eg1vt8d/production/desk/article;post-CONTENT-012"",""simulated"":false}","PUB-015","2025-10-08T21:53:07.371Z"
"CONTENT-013","TOPIC-020","http://localhost:8080/mutual-fund-expense-ratio-2025-how-fees-impact-your-returns/","http://localhost:3001/posts/mutual-fund-expense-ratio-2025-how-fees-impact-your-returns","https://sanity.io/1eg1vt8d/production/desk/article;post-CONTENT-013","2025-10-08T21:53:20.422Z","Published","{""wordpress"":""wordpress"",""wordpress_id"":60,""wordpress_edit_url"":""http://localhost:8080/wp-admin/post.php?post=60&action=edit"",""sanity"":""sanity"",""sanity_document_id"":""post-CONTENT-013"",""sanity_desk_url"":""https://sanity.io/1eg1vt8d/production/desk/article;post-CONTENT-013"",""simulated"":false}","PUB-016","2025-10-08T21:53:20.422Z"
"CONTENT-014","TOPIC-021","http://localhost:8080/how-to-file-itr-for-high-income-complete-2025-guide/","http://localhost:3001/posts/how-to-file-itr-for-high-income-complete-2025-guide","https://sanity.io/1eg1vt8d/production/desk/article;post-CONTENT-014","2025-10-08T21:53:23.404Z","Published","{""wordpress"":""wordpress"",""wordpress_id"":61,""wordpress_edit_url"":""http://localhost:8080/wp-admin/post.php?post=61&action=edit"",""sanity"":""sanity"",""sanity_document_id"":""post-CONTENT-014"",""sanity_desk_url"":""https://sanity.io/1eg1vt8d/production/desk/article;post-CONTENT-014"",""simulated"":false}","PUB-017","2025-10-08T21:53:23.404Z"
"CONTENT-015","TOPIC-022","http://localhost:8080/how-to-build-a-diversified-equity-portfolio-in-india/","http://localhost:3001/posts/how-to-build-a-diversified-equity-portfolio-in-india","https://sanity.io/1eg1vt8d/production/desk/article;post-CONTENT-015","2025-10-08T21:53:30.415Z","Published","{""wordpress"":""wordpress"",""wordpress_id"":62,""wordpress_edit_url"":""http://localhost:8080/wp-admin/post.php?post=62&action=edit"",""sanity"":""sanity"",""sanity_document_id"":""post-CONTENT-015"",""sanity_desk_url"":""https://sanity.io/1eg1vt8d/production/desk/article;post-CONTENT-015"",""simulated"":false}","PUB-018","2025-10-08T21:53:30.415Z"
"CONTENT-016","TOPIC-023","http://localhost:8080/section-80c-tax-deduction-2025-complete-guide-for-indian-taxpayers/","http://localhost:3001/posts/section-80c-tax-deduction-2025-complete-guide-for-indian-taxpayers","https://sanity.io/1eg1vt8d/production/desk/article;post-CONTENT-016","2025-10-08T21:53:33.430Z","Published","{""wordpress"":""wordpress"",""wordpress_id"":63,""wordpress_edit_url"":""http://localhost:8080/wp-admin/post.php?post=63&action=edit"",""sanity"":""sanity"",""sanity_document_id"":""post-CONTENT-016"",""sanity_desk_url"":""https://sanity.io/1eg1vt8d/production/desk/article;post-CONTENT-016"",""simulated"":false}","PUB-019","2025-10-08T21:53:33.430Z"
"CONTENT-017","TOPIC-024","http://localhost:8080/mutual-fund-expense-ratio-2025-low-cost-funds-sip-impact/","http://localhost:3001/posts/mutual-fund-expense-ratio-2025-low-cost-funds-sip-impact","https://sanity.io/1eg1vt8d/production/desk/article;post-CONTENT-017","2025-10-08T21:53:44.449Z","Published","{""wordpress"":""wordpress"",""wordpress_id"":64,""wordpress_edit_url"":""http://localhost:8080/wp-admin/post.php?post=64&action=edit"",""sanity"":""sanity"",""sanity_document_id"":""post-CONTENT-017"",""sanity_desk_url"":""https://sanity.io/1eg1vt8d/production/desk/article;post-CONTENT-017"",""simulated"":false}","PUB-020","2025-10-08T21:53:44.449Z"
"CONTENT-018","TOPIC-025","http://localhost:8080/section-80c-deductions-guide-2025-save-tax-with-pl-capital/","http://localhost:3001/posts/section-80c-deductions-guide-2025-save-tax-with-pl-capital","https://sanity.io/1eg1vt8d/production/desk/article;post-CONTENT-018","2025-10-08T21:53:47.453Z","Published","{""wordpress"":""wordpress"",""wordpress_id"":65,""wordpress_edit_url"":""http://localhost:8080/wp-admin/post.php?post=65&action=edit"",""sanity"":""sanity"",""sanity_document_id"":""post-CONTENT-018"",""sanity_desk_url"":""https://sanity.io/1eg1vt8d/production/desk/article;post-CONTENT-018"",""simulated"":false}","PUB-021","2025-10-08T21:53:47.453Z"
"CONTENT-019","TOPIC-026","http://localhost:8080/retirement-planning-for-self-employed-professionals-in-india/","http://localhost:3001/posts/retirement-planning-for-self-employed-professionals-in-india","https://sanity.io/1eg1vt8d/production/desk/article;post-CONTENT-019","2025-10-08T21:53:57.401Z","Published","{""wordpress"":""wordpress"",""wordpress_id"":66,""wordpress_edit_url"":""http://localhost:8080/wp-admin/post.php?post=66&action=edit"",""sanity"":""sanity"",""sanity_document_id"":""post-CONTENT-019"",""sanity_desk_url"":""https://sanity.io/1eg1vt8d/production/desk/article;post-CONTENT-019"",""simulated"":false}","PUB-022","2025-10-08T21:53:57.401Z"
"CONTENT-020","TOPIC-027","http://localhost:8080/how-to-file-itr-for-investment-income-step-by-step-guide-2025/","http://localhost:3001/posts/how-to-file-itr-for-investment-income-step-by-step-guide-2025","https://sanity.io/1eg1vt8d/production/desk/article;post-CONTENT-020","2025-10-08T21:54:02.527Z","Published","{""wordpress"":""wordpress"",""wordpress_id"":67,""wordpress_edit_url"":""http://localhost:8080/wp-admin/post.php?post=67&action=edit"",""sanity"":""sanity"",""sanity_document_id"":""post-CONTENT-020"",""sanity_desk_url"":""https://sanity.io/1eg1vt8d/production/desk/article;post-CONTENT-020"",""simulated"":false}","PUB-023","2025-10-08T21:54:02.527Z"
"CONTENT-021","TOPIC-028","http://localhost:8080/2025-blueprint-for-a-diversified-equity-portfolio-in-india/","http://localhost:3001/posts/2025-blueprint-for-a-diversified-equity-portfolio-in-india","https://sanity.io/1eg1vt8d/production/desk/article;post-CONTENT-021","2025-10-08T21:54:05.488Z","Published","{""wordpress"":""wordpress"",""wordpress_id"":68,""wordpress_edit_url"":""http://localhost:8080/wp-admin/post.php?post=68&action=edit"",""sanity"":""sanity"",""sanity_document_id"":""post-CONTENT-021"",""sanity_desk_url"":""https://sanity.io/1eg1vt8d/production/desk/article;post-CONTENT-021"",""simulated"":false}","PUB-024","2025-10-08T21:54:05.488Z"
"CONTENT-022","TOPIC-029","http://localhost:8080/index-funds-vs-etfs-india-2025-in-depth-comparison-guide/","http://localhost:3001/posts/index-funds-vs-etfs-india-2025-in-depth-comparison-guide","https://sanity.io/1eg1vt8d/production/desk/article;post-CONTENT-022","2025-10-08T21:54:28.518Z","Published","{""wordpress"":""wordpress"",""wordpress_id"":69,""wordpress_edit_url"":""http://localhost:8080/wp-admin/post.php?post=69&action=edit"",""sanity"":""sanity"",""sanity_document_id"":""post-CONTENT-022"",""sanity_desk_url"":""https://sanity.io/1eg1vt8d/production/desk/article;post-CONTENT-022"",""simulated"":false}","PUB-025","2025-10-08T21:54:28.518Z"
"CONTENT-023","TOPIC-030","http://localhost:8080/digital-gold-vs-physical-gold-tax-full-cost-regulation-guide/","http://localhost:3001/posts/digital-gold-vs-physical-gold-tax-full-cost-regulation-guide","https://sanity.io/1eg1vt8d/production/desk/article;post-CONTENT-023","2025-10-08T21:54:31.517Z","Published","{""wordpress"":""wordpress"",""wordpress_id"":70,""wordpress_edit_url"":""http://localhost:8080/wp-admin/post.php?post=70&action=edit"",""sanity"":""sanity"",""sanity_document_id"":""post-CONTENT-023"",""sanity_desk_url"":""https://sanity.io/1eg1vt8d/production/desk/article;post-CONTENT-023"",""simulated"":false}","PUB-026","2025-10-08T21:54:31.517Z"
"CONTENT-024","TOPIC-031","http://localhost:8080/advanced-technical-analysis-india-complete-guide-with-sebi-compliance/","http://localhost:3001/posts/advanced-technical-analysis-india-complete-guide-with-sebi-compliance","https://sanity.io/1eg1vt8d/production/desk/article;post-CONTENT-024","2025-10-08T21:54:52.318Z","Published","{""wordpress"":""wordpress"",""wordpress_id"":71,""wordpress_edit_url"":""http://localhost:8080/wp-admin/post.php?post=71&action=edit"",""sanity"":""simulated-sanity-error"",""sanity_document_id"":"""",""sanity_desk_url"":""https://sanity.io/1eg1vt8d/production/desk/article;post-CONTENT-024"",""simulated"":false}","PUB-027","2025-10-08T21:54:52.318Z"
"CONTENT-025","TOPIC-032","http://localhost:8080/stock-market-volatility-strategies-for-indian-investors/","http://localhost:3001/posts/stock-market-volatility-strategies-for-indian-investors","https://sanity.io/1eg1vt8d/production/desk/article;post-CONTENT-025","2025-10-08T21:54:55.649Z","Published","{""wordpress"":""wordpress"",""wordpress_id"":72,""wordpress_edit_url"":""http://localhost:8080/wp-admin/post.php?post=72&action=edit"",""sanity"":""sanity"",""sanity_document_id"":""post-CONTENT-025"",""sanity_desk_url"":""https://sanity.io/1eg1vt8d/production/desk/article;post-CONTENT-025"",""simulated"":false}","PUB-028","2025-10-08T21:54:55.649Z"
"CONTENT-026","TOPIC-033","http://localhost:8080/nps-vs-epf-vs-private-pension-complete-2025-comparison/","http://localhost:3001/posts/nps-vs-epf-vs-private-pension-complete-2025-comparison","https://sanity.io/1eg1vt8d/production/desk/article;post-CONTENT-026","2025-10-08T21:55:10.590Z","Published","{""wordpress"":""wordpress"",""wordpress_id"":73,""wordpress_edit_url"":""http://localhost:8080/wp-admin/post.php?post=73&action=edit"",""sanity"":""sanity"",""sanity_document_id"":""post-CONTENT-026"",""sanity_desk_url"":""https://sanity.io/1eg1vt8d/production/desk/article;post-CONTENT-026"",""simulated"":false}","PUB-029","2025-10-08T21:55:10.590Z"
"CONTENT-001","TOPIC-001","http://localhost:8080/pl-capital-article/","http://localhost:3001/posts/pl-capital-article","https://sanity.io/1eg1vt8d/production/desk/article;post-CONTENT-001","2025-10-09T18:53:38.279Z","Published","{""wordpress"":""wordpress"",""wordpress_id"":74,""wordpress_edit_url"":""http://localhost:8080/wp-admin/post.php?post=74&action=edit"",""sanity"":""sanity"",""sanity_document_id"":""post-CONTENT-001"",""sanity_desk_url"":""https://sanity.io/1eg1vt8d/production/desk/article;post-CONTENT-001"",""simulated"":false}","PUB-030","2025-10-09T18:53:38.279Z"
"CONTENT-003","TOPIC-003","http://localhost:8080/small-cap-vs-mid-cap-vs-large-cap-an-in-depth-indian-mar-2/","http://localhost:3001/posts/small-cap-vs-mid-cap-vs-large-cap-an-in-depth-indian-mar","https://sanity.io/1eg1vt8d/production/desk/article;post-CONTENT-003","2025-10-09T18:53:41.587Z","Published","{""wordpress"":""wordpress"",""wordpress_id"":75,""wordpress_edit_url"":""http://localhost:8080/wp-admin/post.php?post=75&action=edit"",""sanity"":""sanity"",""sanity_document_id"":""post-CONTENT-003"",""sanity_desk_url"":""https://sanity.io/1eg1vt8d/production/desk/article;post-CONTENT-003"",""simulated"":false}","PUB-031","2025-10-09T18:53:41.587Z"
"CONTENT-004","TOPIC-010","http://localhost:8080/index-funds-vs-mutual-funds-a-comprehensive-indian-marke-7/","http://localhost:3001/posts/index-funds-vs-mutual-funds-a-comprehensive-indian-marke","https://sanity.io/1eg1vt8d/production/desk/article;post-CONTENT-004","2025-10-09T18:53:45.617Z","Published","{""wordpress"":""wordpress"",""wordpress_id"":76,""wordpress_edit_url"":""http://localhost:8080/wp-admin/post.php?post=76&action=edit"",""sanity"":""sanity"",""sanity_document_id"":""post-CONTENT-004"",""sanity_desk_url"":""https://sanity.io/1eg1vt8d/production/desk/article;post-CONTENT-004"",""simulated"":false}","PUB-032","2025-10-09T18:53:45.617Z"
"CONTENT-005","TOPIC-011","http://localhost:8080/elss-vs-tax-saving-fd-a-comprehensive-guide-5/","http://localhost:3001/posts/elss-vs-tax-saving-fd-a-comprehensive-guide","https://sanity.io/1eg1vt8d/production/desk/article;post-CONTENT-005","2025-10-09T18:53:48.644Z","Published","{""wordpress"":""wordpress"",""wordpress_id"":77,""wordpress_edit_url"":""http://localhost:8080/wp-admin/post.php?post=77&action=edit"",""sanity"":""sanity"",""sanity_document_id"":""post-CONTENT-005"",""sanity_desk_url"":""https://sanity.io/1eg1vt8d/production/desk/article;post-CONTENT-005"",""simulated"":false}","PUB-033","2025-10-09T18:53:48.645Z"
"CONTENT-006","TOPIC-012","http://localhost:8080/small-cap-vs-mid-cap-vs-large-cap-a-comprehensive-guide-2/","http://localhost:3001/posts/small-cap-vs-mid-cap-vs-large-cap-a-comprehensive-guide","https://sanity.io/1eg1vt8d/production/desk/article;post-CONTENT-006","2025-10-09T18:53:53.636Z","Published","{""wordpress"":""wordpress"",""wordpress_id"":78,""wordpress_edit_url"":""http://localhost:8080/wp-admin/post.php?post=78&action=edit"",""sanity"":""sanity"",""sanity_document_id"":""post-CONTENT-006"",""sanity_desk_url"":""https://sanity.io/1eg1vt8d/production/desk/article;post-CONTENT-006"",""simulated"":false}","PUB-034","2025-10-09T18:53:53.636Z"
"CONTENT-001","TOPIC-001","http://localhost:8080/pl-capital-article-2/","http://localhost:3001/posts/pl-capital-article","https://sanity.io/1eg1vt8d/production/desk/article;post-CONTENT-001","2025-10-09T19:08:34.466Z","Published","{""wordpress"":""wordpress"",""wordpress_id"":79,""wordpress_edit_url"":""http://localhost:8080/wp-admin/post.php?post=79&action=edit"",""sanity"":""sanity"",""sanity_document_id"":""post-CONTENT-001"",""sanity_desk_url"":""https://sanity.io/1eg1vt8d/production/desk/article;post-CONTENT-001"",""simulated"":false}","PUB-035","2025-10-09T19:08:34.467Z"
"CONTENT-003","TOPIC-003","http://localhost:8080/small-cap-vs-mid-cap-vs-large-cap-an-in-depth-indian-mar-3/","http://localhost:3001/posts/small-cap-vs-mid-cap-vs-large-cap-an-in-depth-indian-mar","https://sanity.io/1eg1vt8d/production/desk/article;post-CONTENT-003","2025-10-09T19:08:37.417Z","Published","{""wordpress"":""wordpress"",""wordpress_id"":80,""wordpress_edit_url"":""http://localhost:8080/wp-admin/post.php?post=80&action=edit"",""sanity"":""sanity"",""sanity_document_id"":""post-CONTENT-003"",""sanity_desk_url"":""https://sanity.io/1eg1vt8d/production/desk/article;post-CONTENT-003"",""simulated"":false}","PUB-036","2025-10-09T19:08:37.417Z"
"CONTENT-004","TOPIC-010","http://localhost:8080/index-funds-vs-mutual-funds-a-comprehensive-indian-marke-8/","http://localhost:3001/posts/index-funds-vs-mutual-funds-a-comprehensive-indian-marke","https://sanity.io/1eg1vt8d/production/desk/article;post-CONTENT-004","2025-10-09T19:08:40.445Z","Published","{""wordpress"":""wordpress"",""wordpress_id"":81,""wordpress_edit_url"":""http://localhost:8080/wp-admin/post.php?post=81&action=edit"",""sanity"":""sanity"",""sanity_document_id"":""post-CONTENT-004"",""sanity_desk_url"":""https://sanity.io/1eg1vt8d/production/desk/article;post-CONTENT-004"",""simulated"":false}","PUB-037","2025-10-09T19:08:40.445Z"
"CONTENT-005","TOPIC-011","http://localhost:8080/elss-vs-tax-saving-fd-a-comprehensive-guide-6/","http://localhost:3001/posts/elss-vs-tax-saving-fd-a-comprehensive-guide","https://sanity.io/1eg1vt8d/production/desk/article;post-CONTENT-005","2025-10-09T19:08:45.047Z","Published","{""wordpress"":""wordpress"",""wordpress_id"":82,""wordpress_edit_url"":""http://localhost:8080/wp-admin/post.php?post=82&action=edit"",""sanity"":""sanity"",""sanity_document_id"":""post-CONTENT-005"",""sanity_desk_url"":""https://sanity.io/1eg1vt8d/production/desk/article;post-CONTENT-005"",""simulated"":false}","PUB-038","2025-10-09T19:08:45.047Z"
"CONTENT-006","TOPIC-012","http://localhost:8080/small-cap-vs-mid-cap-vs-large-cap-a-comprehensive-guide-3/","http://localhost:3001/posts/small-cap-vs-mid-cap-vs-large-cap-a-comprehensive-guide","https://sanity.io/1eg1vt8d/production/desk/article;post-CONTENT-006","2025-10-09T19:08:48.056Z","Published","{""wordpress"":""wordpress"",""wordpress_id"":83,""wordpress_edit_url"":""http://localhost:8080/wp-admin/post.php?post=83&action=edit"",""sanity"":""sanity"",""sanity_document_id"":""post-CONTENT-006"",""sanity_desk_url"":""https://sanity.io/1eg1vt8d/production/desk/article;post-CONTENT-006"",""simulated"":false}","PUB-039","2025-10-09T19:08:48.056Z"
"CONTENT-001","TOPIC-001","http://localhost:8080/pl-capital-article-3/","http://localhost:3001/posts/pl-capital-article","https://sanity.io/1eg1vt8d/production/desk/article;post-CONTENT-001","2025-10-10T04:25:06.126Z","Published","{""wordpress"":""wordpress"",""wordpress_id"":84,""wordpress_edit_url"":""http://localhost:8080/wp-admin/post.php?post=84&action=edit"",""sanity"":""sanity"",""sanity_document_id"":""post-CONTENT-001"",""sanity_desk_url"":""https://sanity.io/1eg1vt8d/production/desk/article;post-CONTENT-001"",""simulated"":false}","PUB-040","2025-10-10T04:25:06.127Z"
"CONTENT-003","TOPIC-003","http://localhost:8080/small-cap-vs-mid-cap-vs-large-cap-an-in-depth-indian-mar-4/","http://localhost:3001/posts/small-cap-vs-mid-cap-vs-large-cap-an-in-depth-indian-mar","https://sanity.io/1eg1vt8d/production/desk/article;post-CONTENT-003","2025-10-10T04:25:11.435Z","Published","{""wordpress"":""wordpress"",""wordpress_id"":85,""wordpress_edit_url"":""http://localhost:8080/wp-admin/post.php?post=85&action=edit"",""sanity"":""sanity"",""sanity_document_id"":""post-CONTENT-003"",""sanity_desk_url"":""https://sanity.io/1eg1vt8d/production/desk/article;post-CONTENT-003"",""simulated"":false}","PUB-041","2025-10-10T04:25:11.435Z"
"CONTENT-004","TOPIC-010","http://localhost:8080/index-funds-vs-mutual-funds-a-comprehensive-indian-marke-9/","http://localhost:3001/posts/index-funds-vs-mutual-funds-a-comprehensive-indian-marke","https://sanity.io/1eg1vt8d/production/desk/article;post-CONTENT-004","2025-10-10T04:25:14.538Z","Published","{""wordpress"":""wordpress"",""wordpress_id"":86,""wordpress_edit_url"":""http://localhost:8080/wp-admin/post.php?post=86&action=edit"",""sanity"":""sanity"",""sanity_document_id"":""post-CONTENT-004"",""sanity_desk_url"":""https://sanity.io/1eg1vt8d/production/desk/article;post-CONTENT-004"",""simulated"":false}","PUB-042","2025-10-10T04:25:14.538Z"
"CONTENT-005","TOPIC-011","http://localhost:8080/elss-vs-tax-saving-fd-a-comprehensive-guide-7/","http://localhost:3001/posts/elss-vs-tax-saving-fd-a-comprehensive-guide","https://sanity.io/1eg1vt8d/production/desk/article;post-CONTENT-005","2025-10-10T04:25:22.089Z","Published","{""wordpress"":""wordpress"",""wordpress_id"":87,""wordpress_edit_url"":""http://localhost:8080/wp-admin/post.php?post=87&action=edit"",""sanity"":""sanity"",""sanity_document_id"":""post-CONTENT-005"",""sanity_desk_url"":""https://sanity.io/1eg1vt8d/production/desk/article;post-CONTENT-005"",""simulated"":false}","PUB-043","2025-10-10T04:25:22.089Z"
"CONTENT-006","TOPIC-012","http://localhost:8080/small-cap-vs-mid-cap-vs-large-cap-a-comprehensive-guide-4/","http://localhost:3001/posts/small-cap-vs-mid-cap-vs-large-cap-a-comprehensive-guide","https://sanity.io/1eg1vt8d/production/desk/article;post-CONTENT-006","2025-10-10T04:25:25.543Z","Published","{""wordpress"":""wordpress"",""wordpress_id"":88,""wordpress_edit_url"":""http://localhost:8080/wp-admin/post.php?post=88&action=edit"",""sanity"":""sanity"",""sanity_document_id"":""post-CONTENT-006"",""sanity_desk_url"":""https://sanity.io/1eg1vt8d/production/desk/article;post-CONTENT-006"",""simulated"":false}","PUB-044","2025-10-10T04:25:25.544Z"
"CONTENT-001","TOPIC-001","http://localhost:8080/pl-capital-article-4/","http://localhost:3001/posts/pl-capital-article","https://sanity.io/1eg1vt8d/production/desk/article;post-CONTENT-001","2025-10-10T05:07:46.227Z","Published","{""wordpress"":""wordpress"",""wordpress_id"":89,""wordpress_edit_url"":""http://localhost:8080/wp-admin/post.php?post=89&action=edit"",""sanity"":""sanity"",""sanity_document_id"":""post-CONTENT-001"",""sanity_desk_url"":""https://sanity.io/1eg1vt8d/production/desk/article;post-CONTENT-001"",""simulated"":false}","PUB-045","2025-10-10T05:07:46.227Z"
"CONTENT-029","TOPIC-169","http://localhost:3001/posts/index-funds-vs-mutual-funds-2025-guide-for-indian-investors","http://localhost:3001/posts/index-funds-vs-mutual-funds-2025-guide-for-indian-investors","https://sanity.io/1eg1vt8d/production/desk/article;post-CONTENT-029","2025-10-12T19:40:10.701Z","Published","{""wordpress"":""simulated-wordpress-error"",""wordpress_id"":"""",""wordpress_edit_url"":"""",""sanity"":""sanity"",""sanity_document_id"":""post-CONTENT-029"",""sanity_desk_url"":""https://sanity.io/1eg1vt8d/production/desk/article;post-CONTENT-029"",""simulated"":false}","PUB-046","2025-10-12T19:40:10.701Z"
"CONTENT-028","TOPIC-319","http://localhost:3001/posts/tax-saving-strategies-2025-a-comprehensive-guide-for-salaried-employees","http://localhost:3001/posts/tax-saving-strategies-2025-a-comprehensive-guide-for-salaried-employees","https://sanity.io/1eg1vt8d/production/desk/article;post-CONTENT-028","2025-10-12T19:43:47.986Z","Published","{""wordpress"":""simulated-wordpress-error"",""wordpress_id"":"""",""wordpress_edit_url"":"""",""sanity"":""sanity"",""sanity_document_id"":""post-CONTENT-028"",""sanity_desk_url"":""https://sanity.io/1eg1vt8d/production/desk/article;post-CONTENT-028"",""simulated"":false}","PUB-047","2025-10-12T19:43:47.986Z"
"CONTENT-028","TOPIC-319","http://localhost:3001/posts/tax-saving-strategies-2025-a-comprehensive-guide-for-salaried-employees","http://localhost:3001/posts/tax-saving-strategies-2025-a-comprehensive-guide-for-salaried-employees","https://sanity.io/1eg1vt8d/production/desk/article;post-CONTENT-028","2025-10-12T19:57:46.127Z","Published","{""wordpress"":""simulated-wordpress-401"",""wordpress_id"":"""",""wordpress_edit_url"":"""",""sanity"":""sanity"",""sanity_document_id"":""post-CONTENT-028"",""sanity_desk_url"":""https://sanity.io/1eg1vt8d/production/desk/article;post-CONTENT-028"",""simulated"":false}","PUB-048","2025-10-12T19:57:46.127Z"
"CONTENT-028","TOPIC-319","http://localhost:8080/?p=5","http://localhost:3001/posts/tax-saving-strategies-2025-a-comprehensive-guide-for-salaried-employees","https://sanity.io/1eg1vt8d/production/desk/article;post-CONTENT-028","2025-10-12T19:59:43.101Z","Published","{""wordpress"":""wordpress"",""wordpress_id"":5,""wordpress_edit_url"":""http://localhost:8080/wp-admin/post.php?post=5&action=edit"",""sanity"":""simulated-sanity-error"",""sanity_document_id"":"""",""sanity_desk_url"":""https://sanity.io/1eg1vt8d/production/desk/article;post-CONTENT-028"",""simulated"":false}","PUB-049","2025-10-12T19:59:43.101Z"
"CONTENT-028","TOPIC-319","http://localhost:8080/tax-saving-strategies-2025-a-comprehensive-guide-for-salaried-employees-2/","http://localhost:3001/posts/tax-saving-strategies-2025-a-comprehensive-guide-for-salaried-employees","https://sanity.io/1eg1vt8d/production/desk/article;post-CONTENT-028","2025-10-12T20:01:37.533Z","Published","{""wordpress"":""wordpress"",""wordpress_id"":6,""wordpress_edit_url"":""http://localhost:8080/wp-admin/post.php?post=6&action=edit"",""sanity"":""sanity"",""sanity_document_id"":""post-CONTENT-028"",""sanity_desk_url"":""https://sanity.io/1eg1vt8d/production/desk/article;post-CONTENT-028"",""simulated"":false}","PUB-050","2025-10-12T20:01:37.534Z"
"CONTENT-030","TOPIC-369","http://localhost:8080/tax-saving-strategies-2025-maximise-fy-2025-26-savings/","http://localhost:3001/posts/tax-saving-strategies-2025-maximise-fy-2025-26-savings","https://sanity.io/1eg1vt8d/production/desk/article;post-CONTENT-030","2025-10-13T04:37:06.499Z","Published","{""wordpress"":""wordpress"",""wordpress_id"":7,""wordpress_edit_url"":""http://localhost:8080/wp-admin/post.php?post=7&action=edit"",""sanity"":""sanity"",""sanity_document_id"":""post-CONTENT-030"",""sanity_desk_url"":""https://sanity.io/1eg1vt8d/production/desk/article;post-CONTENT-030"",""simulated"":false}","PUB-051","2025-10-13T04:37:06.499Z"
"CONTENT-031","TOPIC-171","http://localhost:8080/how-to-build-a-diversified-equity-portfolio-in-india-fy-2025-26/","http://localhost:3001/posts/how-to-build-a-diversified-equity-portfolio-in-india-fy-2025-26","https://sanity.io/1eg1vt8d/production/desk/article;post-CONTENT-031","2025-10-13T07:56:04.016Z","Published","{""wordpress"":""wordpress"",""wordpress_id"":8,""wordpress_edit_url"":""http://localhost:8080/wp-admin/post.php?post=8&action=edit"",""sanity"":""sanity"",""sanity_document_id"":""post-CONTENT-031"",""sanity_desk_url"":""https://sanity.io/1eg1vt8d/production/desk/article;post-CONTENT-031"",""simulated"":false}","PUB-052","2025-10-13T07:56:04.016Z"
"CONTENT-032","TOPIC-469","http://localhost:8080/tax-saving-strategies-2025-complete-guide-for-indian-salaried-professionals/","http://localhost:3001/posts/tax-saving-strategies-2025-complete-guide-for-indian-salaried-professionals","https://sanity.io/1eg1vt8d/production/desk/article;post-CONTENT-032","2025-10-13T08:03:14.788Z","Published","{""wordpress"":""wordpress"",""wordpress_id"":9,""wordpress_edit_url"":""http://localhost:8080/wp-admin/post.php?post=9&action=edit"",""sanity"":""sanity"",""sanity_document_id"":""post-CONTENT-032"",""sanity_desk_url"":""https://sanity.io/1eg1vt8d/production/desk/article;post-CONTENT-032"",""simulated"":false}","PUB-053","2025-10-13T08:03:14.788Z"
"CONTENT-033","TOPIC-545","http://localhost:8080/tax-saving-strategies-2025-maximise-your-fy-2025-26-savings/","http://localhost:3001/posts/tax-saving-strategies-2025-maximise-your-fy-2025-26-savings","https://sanity.io/1eg1vt8d/production/desk/article;post-CONTENT-033","2025-10-13T08:21:02.509Z","Published","{""wordpress"":""wordpress"",""wordpress_id"":10,""wordpress_edit_url"":""http://localhost:8080/wp-admin/post.php?post=10&action=edit"",""sanity"":""sanity"",""sanity_document_id"":""post-CONTENT-033"",""sanity_desk_url"":""https://sanity.io/1eg1vt8d/production/desk/article;post-CONTENT-033"",""simulated"":false}","PUB-054","2025-10-13T08:21:02.509Z"
"CONTENT-001","TOPIC-001","http://localhost:3001/posts/pl-capital-article","http://localhost:3001/posts/pl-capital-article","https://sanity.io/your-project-id/production/desk/article;post-CONTENT-001","2025-10-16T11:08:56.797Z","Simulated","{""wordpress"":""simulated-wordpress-500"",""wordpress_id"":"""",""wordpress_edit_url"":"""",""uat_wordpress"":""simulated-uat-wordpress-400"",""uat_wordpress_id"":"""",""uat_wordpress_edit_url"":"""",""sanity"":""simulated-sanity-401"",""sanity_document_id"":"""",""sanity_desk_url"":""https://sanity.io/your-project-id/production/desk/article;post-CONTENT-001"",""simulated"":true}","PUB-055","2025-10-16T11:08:56.797Z"
"CONTENT-001","TOPIC-001","http://localhost:3001/posts/pl-capital-article","http://localhost:3001/posts/pl-capital-article","https://sanity.io/your-project-id/production/desk/article;post-CONTENT-001","2025-10-16T11:10:34.047Z","Published","{""wordpress"":""simulated-wordpress-500"",""wordpress_id"":"""",""wordpress_edit_url"":"""",""uat_wordpress"":""uat-wordpress"",""uat_wordpress_id"":11553,""uat_wordpress_edit_url"":""https://uat.plindia.com/wp-admin/post.php?post=11553&action=edit"",""sanity"":""simulated-sanity-401"",""sanity_document_id"":"""",""sanity_desk_url"":""https://sanity.io/your-project-id/production/desk/article;post-CONTENT-001"",""simulated"":false}","PUB-056","2025-10-16T11:10:34.047Z"
"CONTENT-001","TOPIC-001","http://localhost:3001/posts/pl-capital-article","http://localhost:3001/posts/pl-capital-article","https://sanity.io/your-project-id/production/desk/article;post-CONTENT-001","2025-10-16T11:16:00.348Z","Published","{""wordpress"":""simulated-wordpress-500"",""wordpress_id"":"""",""wordpress_edit_url"":"""",""uat_wordpress"":""uat-wordpress"",""uat_wordpress_id"":11554,""uat_wordpress_edit_url"":""https://uat.plindia.com/wp-admin/post.php?post=11554&action=edit"",""sanity"":""simulated-sanity-401"",""sanity_document_id"":"""",""sanity_desk_url"":""https://sanity.io/your-project-id/production/desk/article;post-CONTENT-001"",""simulated"":false}","PUB-057","2025-10-16T11:16:00.348Z"
"CONTENT-001","TOPIC-001","http://localhost:3001/posts/pl-capital-article","http://localhost:3001/posts/pl-capital-article","https://sanity.io/your-project-id/production/desk/article;post-CONTENT-001","2025-10-16T11:18:10.605Z","Published","{""wordpress"":""simulated-wordpress-500"",""wordpress_id"":"""",""wordpress_edit_url"":"""",""uat_wordpress"":""uat-wordpress"",""uat_wordpress_id"":11555,""uat_wordpress_edit_url"":""https://uat.plindia.com/wp-admin/post.php?post=11555&action=edit"",""sanity"":""simulated-sanity-401"",""sanity_document_id"":"""",""sanity_desk_url"":""https://sanity.io/your-project-id/production/desk/article;post-CONTENT-001"",""simulated"":false}","PUB-058","2025-10-16T11:18:10.605Z"
"CONTENT-034","TOPIC-172","http://localhost:3001/posts/sip-vs-lump-sum-2025-data-driven-comparison-for-indian-investors","http://localhost:3001/posts/sip-vs-lump-sum-2025-data-driven-comparison-for-indian-investors","https://sanity.io/your-project-id/production/desk/article;post-CONTENT-034","2025-10-16T11:31:37.617Z","Published","{""wordpress"":""simulated-wordpress-500"",""wordpress_id"":"""",""wordpress_edit_url"":"""",""uat_wordpress"":""uat-wordpress"",""uat_wordpress_id"":11556,""uat_wordpress_edit_url"":""https://uat.plindia.com/wp-admin/post.php?post=11556&action=edit"",""sanity"":""simulated-sanity-401"",""sanity_document_id"":"""",""sanity_desk_url"":""https://sanity.io/your-project-id/production/desk/article;post-CONTENT-034"",""simulated"":false}","PUB-059","2025-10-16T11:31:37.617Z"
"CONTENT-034","TOPIC-172","http://localhost:3001/posts/sip-vs-lump-sum-2025-data-driven-guide-for-indian-investors","http://localhost:3001/posts/sip-vs-lump-sum-2025-data-driven-guide-for-indian-investors","https://sanity.io/your-project-id/production/desk/article;post-CONTENT-034","2025-10-16T12:54:58.778Z","Published","{""wordpress"":""simulated-wordpress-500"",""wordpress_id"":"""",""wordpress_edit_url"":"""",""uat_wordpress"":""uat-wordpress"",""uat_wordpress_id"":11558,""uat_wordpress_edit_url"":""https://uat.plindia.com/wp-admin/post.php?post=11558&action=edit"",""sanity"":""simulated-sanity-401"",""sanity_document_id"":"""",""sanity_desk_url"":""https://sanity.io/your-project-id/production/desk/article;post-CONTENT-034"",""simulated"":false}","PUB-060","2025-10-16T12:54:58.778Z"
"CONTENT-034","TOPIC-172","http://localhost:3001/posts/sip-vs-lump-sum-2025-data-driven-guide-for-indian-investors","http://localhost:3001/posts/sip-vs-lump-sum-2025-data-driven-guide-for-indian-investors","https://sanity.io/your-project-id/production/desk/article;post-CONTENT-034","2025-10-16T13:07:38.551Z","Published","{""wordpress"":""simulated-wordpress-500"",""wordpress_id"":"""",""wordpress_edit_url"":"""",""uat_wordpress"":""uat-wordpress"",""uat_wordpress_id"":11560,""uat_wordpress_edit_url"":""https://uat.plindia.com/wp-admin/post.php?post=11560&action=edit"",""sanity"":""simulated-sanity-401"",""sanity_document_id"":"""",""sanity_desk_url"":""https://sanity.io/your-project-id/production/desk/article;post-CONTENT-034"",""simulated"":false}","PUB-061","2025-10-16T13:07:38.551Z"
"CONTENT-034","TOPIC-172","http://localhost:3001/posts/sip-vs-lump-sum-2025-data-driven-guide-for-indian-investors","http://localhost:3001/posts/sip-vs-lump-sum-2025-data-driven-guide-for-indian-investors","https://sanity.io/your-project-id/production/desk/article;post-CONTENT-034","2025-10-16T13:41:46.511Z","Published","{""wordpress"":""simulated-wordpress-500"",""wordpress_id"":"""",""wordpress_edit_url"":"""",""uat_wordpress"":""uat-wordpress"",""uat_wordpress_id"":11561,""uat_wordpress_edit_url"":""https://uat.plindia.com/wp-admin/post.php?post=11561&action=edit"",""sanity"":""simulated-sanity-401"",""sanity_document_id"":"""",""sanity_desk_url"":""https://sanity.io/your-project-id/production/desk/article;post-CONTENT-034"",""simulated"":false}","PUB-062","2025-10-16T13:41:46.512Z"
"CONTENT-035","TOPIC-173","http://localhost:3001/posts/retirement-planning-roadmap-for-indian-investors-fy-2025-26","http://localhost:3001/posts/retirement-planning-roadmap-for-indian-investors-fy-2025-26","https://sanity.io/your-project-id/production/desk/article;post-CONTENT-035","2025-10-16T14:02:01.507Z","Published","{""wordpress"":""simulated-wordpress-500"",""wordpress_id"":"""",""wordpress_edit_url"":"""",""uat_wordpress"":""uat-wordpress"",""uat_wordpress_id"":11563,""uat_wordpress_edit_url"":""https://uat.plindia.com/wp-admin/post.php?post=11563&action=edit"",""sanity"":""simulated-sanity-401"",""sanity_document_id"":"""",""sanity_desk_url"":""https://sanity.io/your-project-id/production/desk/article;post-CONTENT-035"",""simulated"":false}","PUB-063","2025-10-16T14:02:01.507Z"
"CONTENT-036","TOPIC-645","http://localhost:3001/posts/tax-saving-strategies-2025-expert-guide-for-indian-salaried-professionals","http://localhost:3001/posts/tax-saving-strategies-2025-expert-guide-for-indian-salaried-professionals","https://sanity.io/your-project-id/production/desk/article;post-CONTENT-036","2025-10-16T14:09:36.001Z","Published","{""wordpress"":""simulated-wordpress-500"",""wordpress_id"":"""",""wordpress_edit_url"":"""",""uat_wordpress"":""uat-wordpress"",""uat_wordpress_id"":11565,""uat_wordpress_edit_url"":""https://uat.plindia.com/wp-admin/post.php?post=11565&action=edit"",""sanity"":""simulated-sanity-401"",""sanity_document_id"":"""",""sanity_desk_url"":""https://sanity.io/your-project-id/production/desk/article;post-CONTENT-036"",""simulated"":false}","PUB-064","2025-10-16T14:09:36.001Z"
"CONTENT-037","TOPIC-174","http://localhost:3001/posts/best-wealth-management-apps-india-2025-expert-review-comparison","http://localhost:3001/posts/best-wealth-management-apps-india-2025-expert-review-comparison","https://sanity.io/your-project-id/production/desk/article;post-CONTENT-037","2025-10-17T10:41:24.841Z","Published","{""wordpress"":""simulated-wordpress-500"",""wordpress_id"":"""",""wordpress_edit_url"":"""",""uat_wordpress"":""uat-wordpress"",""uat_wordpress_id"":11567,""uat_wordpress_edit_url"":""https://uat.plindia.com/wp-admin/post.php?post=11567&action=edit"",""sanity"":""simulated-sanity-401"",""sanity_document_id"":"""",""sanity_desk_url"":""https://sanity.io/your-project-id/production/desk/article;post-CONTENT-037"",""simulated"":false}","PUB-065","2025-10-17T10:41:24.841Z"
"CONTENT-001","TOPIC-001","http://localhost:3001/posts/pl-capital-article","http://localhost:3001/posts/pl-capital-article","https://sanity.io/your-project-id/production/desk/article;post-CONTENT-001","2025-10-21T08:10:05.844Z","Published","{""wordpress"":""simulated-wordpress-error"",""wordpress_id"":"""",""wordpress_edit_url"":"""",""uat_wordpress"":""uat-wordpress"",""uat_wordpress_id"":11568,""uat_wordpress_edit_url"":""https://uat.plindia.com/wp-admin/post.php?post=11568&action=edit"",""sanity"":""simulated-sanity-401"",""sanity_document_id"":"""",""sanity_desk_url"":""https://sanity.io/your-project-id/production/desk/article;post-CONTENT-001"",""simulated"":false}","PUB-066","2025-10-21T08:10:05.845Z"
"CONTENT-037","TOPIC-174","http://localhost:3001/posts/best-wealth-management-apps-india-2025-expert-review-comparison","http://localhost:3001/posts/best-wealth-management-apps-india-2025-expert-review-comparison","https://sanity.io/your-project-id/production/desk/article;post-CONTENT-037","2025-10-21T08:14:01.335Z","Published","{""wordpress"":""simulated-wordpress-error"",""wordpress_id"":"""",""wordpress_edit_url"":"""",""uat_wordpress"":""uat-wordpress"",""uat_wordpress_id"":11569,""uat_wordpress_edit_url"":""https://uat.plindia.com/wp-admin/post.php?post=11569&action=edit"",""sanity"":""simulated-sanity-401"",""sanity_document_id"":"""",""sanity_desk_url"":""https://sanity.io/your-project-id/production/desk/article;post-CONTENT-037"",""simulated"":false}","PUB-067","2025-10-21T08:14:01.336Z"
"CONTENT-037","TOPIC-174","http://localhost:3001/posts/best-wealth-management-apps-india-2025-expert-review-comparison","http://localhost:3001/posts/best-wealth-management-apps-india-2025-expert-review-comparison","https://sanity.io/your-project-id/production/desk/article;post-CONTENT-037","2025-10-21T08:23:48.000Z","Published","{""wordpress"":""simulated-wordpress-error"",""wordpress_id"":"""",""wordpress_edit_url"":"""",""uat_wordpress"":""uat-wordpress"",""uat_wordpress_id"":11571,""uat_wordpress_edit_url"":""https://uat.plindia.com/wp-admin/post.php?post=11571&action=edit"",""sanity"":""simulated-sanity-401"",""sanity_document_id"":"""",""sanity_desk_url"":""https://sanity.io/your-project-id/production/desk/article;post-CONTENT-037"",""simulated"":false}","PUB-068","2025-10-21T08:23:48.001Z"
"CONTENT-037","TOPIC-174","http://localhost:3001/posts/best-wealth-management-apps-india-2025-expert-review-comparison","http://localhost:3001/posts/best-wealth-management-apps-india-2025-expert-review-comparison","https://sanity.io/your-project-id/production/desk/article;post-CONTENT-037","2025-10-21T08:24:41.106Z","Published","{""wordpress"":""simulated-wordpress-error"",""wordpress_id"":"""",""wordpress_edit_url"":"""",""uat_wordpress"":""uat-wordpress"",""uat_wordpress_id"":11573,""uat_wordpress_edit_url"":""https://uat.plindia.com/wp-admin/post.php?post=11573&action=edit"",""sanity"":""simulated-sanity-401"",""sanity_document_id"":"""",""sanity_desk_url"":""https://sanity.io/your-project-id/production/desk/article;post-CONTENT-037"",""simulated"":false}","PUB-069","2025-10-21T08:24:41.106Z"
"CONTENT-037","TOPIC-174","http://localhost:3001/posts/best-wealth-management-apps-india-2025-expert-review-comparison","http://localhost:3001/posts/best-wealth-management-apps-india-2025-expert-review-comparison","https://sanity.io/your-project-id/production/desk/article;post-CONTENT-037","2025-10-21T08:28:01.134Z","Published","{""wordpress"":""simulated-wordpress-error"",""wordpress_id"":"""",""wordpress_edit_url"":"""",""uat_wordpress"":""uat-wordpress"",""uat_wordpress_id"":11575,""uat_wordpress_edit_url"":""https://uat.plindia.com/wp-admin/post.php?post=11575&action=edit"",""sanity"":""simulated-sanity-401"",""sanity_document_id"":"""",""sanity_desk_url"":""https://sanity.io/your-project-id/production/desk/article;post-CONTENT-037"",""simulated"":false}","PUB-070","2025-10-21T08:28:01.134Z"
"CONTENT-037","TOPIC-174","http://localhost:3001/posts/best-wealth-management-apps-india-2025-expert-review-comparison","http://localhost:3001/posts/best-wealth-management-apps-india-2025-expert-review-comparison","https://sanity.io/your-project-id/production/desk/article;post-CONTENT-037","2025-10-21T08:35:26.718Z","Published","{""wordpress"":""simulated-wordpress-error"",""wordpress_id"":"""",""wordpress_edit_url"":"""",""uat_wordpress"":""uat-wordpress"",""uat_wordpress_id"":11576,""uat_wordpress_edit_url"":""https://uat.plindia.com/wp-admin/post.php?post=11576&action=edit"",""sanity"":""simulated-sanity-401"",""sanity_document_id"":"""",""sanity_desk_url"":""https://sanity.io/your-project-id/production/desk/article;post-CONTENT-037"",""simulated"":false}","PUB-071","2025-10-21T08:35:26.718Z"
"CONTENT-037","TOPIC-174","http://localhost:3001/posts/best-wealth-management-apps-india-2025-expert-review-comparison","http://localhost:3001/posts/best-wealth-management-apps-india-2025-expert-review-comparison","https://sanity.io/your-project-id/production/desk/article;post-CONTENT-037","2025-10-21T08:37:41.379Z","Published","{""wordpress"":""simulated-wordpress-error"",""wordpress_id"":"""",""wordpress_edit_url"":"""",""uat_wordpress"":""uat-wordpress"",""uat_wordpress_id"":11578,""uat_wordpress_edit_url"":""https://uat.plindia.com/wp-admin/post.php?post=11578&action=edit"",""sanity"":""simulated-sanity-401"",""sanity_document_id"":"""",""sanity_desk_url"":""https://sanity.io/your-project-id/production/desk/article;post-CONTENT-037"",""simulated"":false}","PUB-072","2025-10-21T08:37:41.379Z"
"CONTENT-037","TOPIC-174","http://localhost:3001/posts/best-wealth-management-apps-india-2025-expert-review-comparison","http://localhost:3001/posts/best-wealth-management-apps-india-2025-expert-review-comparison","https://sanity.io/your-project-id/production/desk/article;post-CONTENT-037","2025-10-21T08:53:24.482Z","Published","{""wordpress"":""simulated-wordpress-error"",""wordpress_id"":"""",""wordpress_edit_url"":"""",""uat_wordpress"":""uat-wordpress"",""uat_wordpress_id"":11580,""uat_wordpress_edit_url"":""https://uat.plindia.com/wp-admin/post.php?post=11580&action=edit"",""sanity"":""simulated-sanity-401"",""sanity_document_id"":"""",""sanity_desk_url"":""https://sanity.io/your-project-id/production/desk/article;post-CONTENT-037"",""simulated"":false}","PUB-073","2025-10-21T08:53:24.483Z"
"CONTENT-037","TOPIC-174","http://localhost:3001/posts/best-wealth-management-apps-india-2025-expert-review-comparison","http://localhost:3001/posts/best-wealth-management-apps-india-2025-expert-review-comparison","https://sanity.io/1eg1vt8d/production/desk/article;post-CONTENT-037","2025-10-21T09:22:58.986Z","Published","{""wordpress"":""simulated-wordpress-error"",""wordpress_id"":"""",""wordpress_edit_url"":"""",""uat_wordpress"":""uat-wordpress"",""uat_wordpress_id"":11582,""uat_wordpress_edit_url"":""https://uat.plindia.com/wp-admin/post.php?post=11582&action=edit"",""sanity"":""simulated-sanity-401"",""sanity_document_id"":"""",""sanity_desk_url"":""https://sanity.io/1eg1vt8d/production/desk/article;post-CONTENT-037"",""simulated"":false}","PUB-074","2025-10-21T09:22:58.986Z"
"CONTENT-037","TOPIC-174","http://localhost:3001/posts/best-wealth-management-apps-india-2025-expert-review-comparison","http://localhost:3001/posts/best-wealth-management-apps-india-2025-expert-review-comparison","https://sanity.io/1eg1vt8d/production/desk/article;post-CONTENT-037","2025-10-21T09:29:13.349Z","Published","{""wordpress"":""simulated-wordpress-error"",""wordpress_id"":"""",""wordpress_edit_url"":"""",""uat_wordpress"":""uat-wordpress"",""uat_wordpress_id"":11584,""uat_wordpress_edit_url"":""https://uat.plindia.com/wp-admin/post.php?post=11584&action=edit"",""sanity"":""simulated-sanity-403"",""sanity_document_id"":"""",""sanity_desk_url"":""https://sanity.io/1eg1vt8d/production/desk/article;post-CONTENT-037"",""simulated"":false}","PUB-075","2025-10-21T09:29:13.350Z"
"CONTENT-037","TOPIC-174","http://localhost:3001/posts/best-wealth-management-apps-india-2025-expert-review-comparison","http://localhost:3001/posts/best-wealth-management-apps-india-2025-expert-review-comparison","https://sanity.io/1eg1vt8d/production/desk/article;post-CONTENT-037","2025-10-21T09:39:27.047Z","Published","{""wordpress"":""simulated-wordpress-error"",""wordpress_id"":"""",""wordpress_edit_url"":"""",""uat_wordpress"":""uat-wordpress"",""uat_wordpress_id"":11586,""uat_wordpress_edit_url"":""https://uat.plindia.com/wp-admin/post.php?post=11586&action=edit"",""sanity"":""simulated-sanity-403"",""sanity_document_id"":"""",""sanity_desk_url"":""https://sanity.io/1eg1vt8d/production/desk/article;post-CONTENT-037"",""simulated"":false}","PUB-076","2025-10-21T09:39:27.047Z"
"CONTENT-037","TOPIC-174","http://localhost:3001/posts/best-wealth-management-apps-india-2025-expert-review-comparison","http://localhost:3001/posts/best-wealth-management-apps-india-2025-expert-review-comparison","https://sanity.io/1eg1vt8d/production/desk/article;post-CONTENT-037","2025-10-21T13:16:12.836Z","Published","{""wordpress"":""simulated-wordpress-error"",""wordpress_id"":"""",""wordpress_edit_url"":"""",""uat_wordpress"":""uat-wordpress"",""uat_wordpress_id"":11587,""uat_wordpress_edit_url"":""https://uat.plindia.com/wp-admin/post.php?post=11587&action=edit"",""sanity"":""sanity"",""sanity_document_id"":""post-CONTENT-037"",""sanity_desk_url"":""https://sanity.io/1eg1vt8d/production/desk/article;post-CONTENT-037"",""simulated"":false}","PUB-077","2025-10-21T13:16:12.836Z"
"CONTENT-037","TOPIC-174","http://localhost:3001/posts/best-wealth-management-apps-india-2025-expert-review-comparison","http://localhost:3001/posts/best-wealth-management-apps-india-2025-expert-review-comparison","https://sanity.io/1eg1vt8d/production/desk/article;post-CONTENT-037","2025-10-21T13:18:07.463Z","Published","{""wordpress"":""simulated-wordpress-error"",""wordpress_id"":"""",""wordpress_edit_url"":"""",""uat_wordpress"":""uat-wordpress"",""uat_wordpress_id"":11589,""uat_wordpress_edit_url"":""https://uat.plindia.com/wp-admin/post.php?post=11589&action=edit"",""sanity"":""sanity"",""sanity_document_id"":""post-CONTENT-037"",""sanity_desk_url"":""https://sanity.io/1eg1vt8d/production/desk/article;post-CONTENT-037"",""simulated"":false}","PUB-078","2025-10-21T13:18:07.464Z"
"CONTENT-003","TOPIC-003","http://localhost:3001/posts/small-cap-vs-mid-cap-vs-large-cap-an-in-depth-indian-mar","http://localhost:3001/posts/small-cap-vs-mid-cap-vs-large-cap-an-in-depth-indian-mar","https://sanity.io/1eg1vt8d/production/desk/article;post-CONTENT-003","2025-10-21T13:30:42.223Z","Published","{""wordpress"":""simulated-wordpress-error"",""wordpress_id"":"""",""wordpress_edit_url"":"""",""uat_wordpress"":""uat-wordpress"",""uat_wordpress_id"":11590,""uat_wordpress_edit_url"":""https://uat.plindia.com/wp-admin/post.php?post=11590&action=edit"",""sanity"":""sanity"",""sanity_document_id"":""post-CONTENT-003"",""sanity_desk_url"":""https://sanity.io/1eg1vt8d/production/desk/article;post-CONTENT-003"",""simulated"":false}","PUB-079","2025-10-21T13:30:42.224Z"
"CONTENT-004","TOPIC-010","http://localhost:3001/posts/index-funds-vs-mutual-funds-a-comprehensive-indian-marke","http://localhost:3001/posts/index-funds-vs-mutual-funds-a-comprehensive-indian-marke","https://sanity.io/1eg1vt8d/production/desk/article;post-CONTENT-004","2025-10-21T13:30:46.736Z","Published","{""wordpress"":""simulated-wordpress-error"",""wordpress_id"":"""",""wordpress_edit_url"":"""",""uat_wordpress"":""uat-wordpress"",""uat_wordpress_id"":11591,""uat_wordpress_edit_url"":""https://uat.plindia.com/wp-admin/post.php?post=11591&action=edit"",""sanity"":""sanity"",""sanity_document_id"":""post-CONTENT-004"",""sanity_desk_url"":""https://sanity.io/1eg1vt8d/production/desk/article;post-CONTENT-004"",""simulated"":false}","PUB-080","2025-10-21T13:30:46.736Z"
"CONTENT-005","TOPIC-011","http://localhost:3001/posts/elss-vs-tax-saving-fd-a-comprehensive-guide","http://localhost:3001/posts/elss-vs-tax-saving-fd-a-comprehensive-guide","https://sanity.io/1eg1vt8d/production/desk/article;post-CONTENT-005","2025-10-21T13:30:51.304Z","Published","{""wordpress"":""simulated-wordpress-error"",""wordpress_id"":"""",""wordpress_edit_url"":"""",""uat_wordpress"":""uat-wordpress"",""uat_wordpress_id"":11592,""uat_wordpress_edit_url"":""https://uat.plindia.com/wp-admin/post.php?post=11592&action=edit"",""sanity"":""sanity"",""sanity_document_id"":""post-CONTENT-005"",""sanity_desk_url"":""https://sanity.io/1eg1vt8d/production/desk/article;post-CONTENT-005"",""simulated"":false}","PUB-081","2025-10-21T13:30:51.304Z"
"CONTENT-006","TOPIC-012","http://localhost:3001/posts/small-cap-vs-mid-cap-vs-large-cap-a-comprehensive-guide","http://localhost:3001/posts/small-cap-vs-mid-cap-vs-large-cap-a-comprehensive-guide","https://sanity.io/1eg1vt8d/production/desk/article;post-CONTENT-006","2025-10-21T13:30:55.896Z","Published","{""wordpress"":""simulated-wordpress-error"",""wordpress_id"":"""",""wordpress_edit_url"":"""",""uat_wordpress"":""uat-wordpress"",""uat_wordpress_id"":11593,""uat_wordpress_edit_url"":""https://uat.plindia.com/wp-admin/post.php?post=11593&action=edit"",""sanity"":""sanity"",""sanity_document_id"":""post-CONTENT-006"",""sanity_desk_url"":""https://sanity.io/1eg1vt8d/production/desk/article;post-CONTENT-006"",""simulated"":false}","PUB-082","2025-10-21T13:30:55.896Z"
"CONTENT-001","TOPIC-001","http://localhost:3001/posts/pl-capital-article","http://localhost:3001/posts/pl-capital-article","https://sanity.io/1eg1vt8d/production/desk/article;post-CONTENT-001","2025-10-21T13:31:00.371Z","Published","{""wordpress"":""simulated-wordpress-error"",""wordpress_id"":"""",""wordpress_edit_url"":"""",""uat_wordpress"":""uat-wordpress"",""uat_wordpress_id"":11594,""uat_wordpress_edit_url"":""https://uat.plindia.com/wp-admin/post.php?post=11594&action=edit"",""sanity"":""sanity"",""sanity_document_id"":""post-CONTENT-001"",""sanity_desk_url"":""https://sanity.io/1eg1vt8d/production/desk/article;post-CONTENT-001"",""simulated"":false}","PUB-083","2025-10-21T13:31:00.371Z"
"CONTENT-039","TOPIC-790","http://localhost:3001/posts/tax-saving-strategies-2025-old-vs-new-regime-for-salaried-indians","http://localhost:3001/posts/tax-saving-strategies-2025-old-vs-new-regime-for-salaried-indians","https://sanity.io/1eg1vt8d/production/desk/article;post-CONTENT-039","2025-10-23T15:58:55.894Z","Published","{""wordpress"":""simulated-wordpress-error"",""wordpress_id"":"""",""wordpress_edit_url"":"""",""uat_wordpress"":""uat-wordpress"",""uat_wordpress_id"":11596,""uat_wordpress_edit_url"":""https://uat.plindia.com/wp-admin/post.php?post=11596&action=edit"",""sanity"":""sanity"",""sanity_document_id"":""post-CONTENT-039"",""sanity_desk_url"":""https://sanity.io/1eg1vt8d/production/desk/article;post-CONTENT-039"",""simulated"":false}","PUB-084","2025-10-23T15:58:55.894Z"
"CONTENT-038","TOPIC-178","http://localhost:3001/posts/section-80c-deductions-guide-fy-2025-26-complete-tax-saving-blueprint","http://localhost:3001/posts/section-80c-deductions-guide-fy-2025-26-complete-tax-saving-blueprint","https://sanity.io/1eg1vt8d/production/desk/article;post-CONTENT-038","2025-10-23T16:14:28.189Z","Published","{""wordpress"":""simulated-wordpress-error"",""wordpress_id"":"""",""wordpress_edit_url"":"""",""uat_wordpress"":""uat-wordpress"",""uat_wordpress_id"":11598,""uat_wordpress_edit_url"":""https://uat.plindia.com/wp-admin/post.php?post=11598&action=edit"",""sanity"":""sanity"",""sanity_document_id"":""post-CONTENT-038"",""sanity_desk_url"":""https://sanity.io/1eg1vt8d/production/desk/article;post-CONTENT-038"",""simulated"":false}","PUB-085","2025-10-23T16:14:28.190Z"
"CONTENT-039","TOPIC-790","http://localhost:3001/posts/tax-saving-strategies-2025-old-vs-new-regime-for-salaried-indians","http://localhost:3001/posts/tax-saving-strategies-2025-old-vs-new-regime-for-salaried-indians","https://sanity.io/1eg1vt8d/production/desk/article;post-CONTENT-039","2025-10-23T16:58:25.273Z","Published","{""wordpress"":""simulated-wordpress-error"",""wordpress_id"":"""",""wordpress_edit_url"":"""",""uat_wordpress"":""uat-wordpress"",""uat_wordpress_id"":11600,""uat_wordpress_edit_url"":""https://uat.plindia.com/wp-admin/post.php?post=11600&action=edit"",""sanity"":""sanity"",""sanity_document_id"":""post-CONTENT-039"",""sanity_desk_url"":""https://sanity.io/1eg1vt8d/production/desk/article;post-CONTENT-039"",""simulated"":false}","PUB-086","2025-10-23T16:58:25.273Z"
"CONTENT-040","TOPIC-179","http://localhost:3000/posts/best-elss-funds-2025-top-tax-saving-equity-schemes-for-indian-investors","http://localhost:3000/posts/best-elss-funds-2025-top-tax-saving-equity-schemes-for-indian-investors","","2025-11-10T08:26:09.042Z","Simulated","{""wordpress"":""simulated"",""wordpress_id"":"""",""wordpress_edit_url"":"""",""uat_wordpress"":""simulated-uat-missing"",""uat_wordpress_id"":"""",""uat_wordpress_edit_url"":"""",""sanity"":""simulated"",""sanity_document_id"":"""",""sanity_desk_url"":"""",""simulated"":true}","PUB-087","2025-11-10T08:26:09.042Z"
"CONTENT-040","TOPIC-179","https://enhanced-bulk-generator-production.up.railway.app/posts/best-elss-funds-2025-top-tax-saving-equity-schemes-for-indian-investors","https://enhanced-bulk-generator-production.up.railway.app/posts/best-elss-funds-2025-top-tax-saving-equity-schemes-for-indian-investors","","2025-11-10T08:27:07.939Z","Simulated","{""wordpress"":""simulated"",""wordpress_id"":"""",""wordpress_edit_url"":"""",""uat_wordpress"":""simulated-uat-missing"",""uat_wordpress_id"":"""",""uat_wordpress_edit_url"":"""",""sanity"":""simulated"",""sanity_document_id"":"""",""sanity_desk_url"":"""",""simulated"":true}","PUB-088","2025-11-10T08:27:07.940Z"
"CONTENT-040","TOPIC-179","http://localhost:8080/best-elss-funds-2025-top-tax-saving-equity-schemes-for-indian-investors","https://enhanced-bulk-generator-production.up.railway.app/posts/best-elss-funds-2025-top-tax-saving-equity-schemes-for-indian-investors","","2025-11-10T08:27:28.884Z","Simulated","{""wordpress"":""simulated-wordpress-error"",""wordpress_id"":"""",""wordpress_edit_url"":"""",""uat_wordpress"":""simulated-uat-wordpress-401"",""uat_wordpress_id"":"""",""uat_wordpress_edit_url"":"""",""sanity"":""simulated"",""sanity_document_id"":"""",""sanity_desk_url"":"""",""simulated"":true}","PUB-089","2025-11-10T08:27:28.884Z"
"CONTENT-040","TOPIC-179","https://enhanced-bulk-generator-production.up.railway.app/posts/best-elss-funds-2025-top-tax-saving-equity-schemes-for-indian-investors","https://enhanced-bulk-generator-production.up.railway.app/posts/best-elss-funds-2025-top-tax-saving-equity-schemes-for-indian-investors","","2025-11-10T08:31:39.581Z","Published","{""wordpress"":""simulated"",""wordpress_id"":"""",""wordpress_edit_url"":"""",""uat_wordpress"":""uat-wordpress"",""uat_wordpress_id"":11854,""uat_wordpress_edit_url"":""https://uat.plindia.com/wp-admin/post.php?post=11854&action=edit"",""sanity"":""simulated"",""sanity_document_id"":"""",""sanity_desk_url"":"""",""simulated"":false}","PUB-090","2025-11-10T08:31:39.581Z"
